time_key,open,high,low,close,volume
2021-01-04,150.91,150.94,150.15,150.79,31160667
2021-01-05,150.82,151.16,147.52,148.34,6498547
2021-01-06,148.3,150.41,147.68,150.18,25000813
2021-01-07,150.66,152.82,149.77,152.5,15876481
2021-01-08,152.31,152.38,147.65,147.8,16700995
2021-01-11,148.41,149.84,144.66,144.78,38234578
2021-01-12,144.72,145.48,144.43,145.14,25419612
2021-01-13,144.77,144.77,142.39,144.46,25760016
2021-01-14,144.48,144.51,144.26,144.48,15963194
2021-01-15,144.17,144.86,142.48,142.57,17112178
2021-01-18,142.35,146.04,142.32,144.63,28373519
2021-01-19,144.74,147.93,144.23,146.49,4439700
2021-01-20,146.65,146.9,146.59,146.7,11780171
2021-01-21,146.52,149.41,145.68,149.4,25210111
2021-01-22,149.7,150.71,149.59,150.58,26070842
2021-01-25,150.93,151.28,148.52,148.57,6413532
2021-01-26,149.0,150.0,148.91,149.51,32149579
2021-01-27,149.67,150.36,147.15,147.27,23074130
2021-01-28,147.68,149.76,146.91,149.4,11795406
2021-01-29,148.84,149.54,148.03,149.34,30822168
2021-02-01,149.25,150.82,148.83,148.96,39662451
2021-02-02,148.7,149.27,146.45,147.4,18672657
2021-02-03,147.43,151.26,146.15,150.34,13487504
2021-02-04,150.17,150.65,149.89,150.03,14078225
2021-02-05,149.98,150.64,148.62,149.06,24926330
2021-02-08,149.62,150.13,148.0,148.28,4753216
2021-02-09,148.23,150.25,147.56,149.6,20886879
2021-02-10,149.73,151.71,149.6,150.54,3916781
2021-02-11,150.47,152.25,149.08,151.59,4427471
2021-02-12,151.61,152.87,150.66,152.7,18910983
2021-02-15,152.7,158.58,151.81,157.99,30584020
2021-02-16,158.13,158.18,156.0,157.03,35683775
2021-02-17,157.39,158.27,154.46,155.8,6242504
2021-02-18,156.31,156.64,153.48,153.84,12030322
2021-02-19,153.93,155.86,153.91,155.41,18601480
2021-02-22,155.6,158.35,155.28,158.28,24240053
2021-02-23,157.92,158.23,157.17,158.06,39520858
2021-02-24,158.03,158.23,155.81,156.0,28319315
2021-02-25,156.29,157.44,152.11,154.0,22919349
2021-02-26,154.27,156.37,153.19,155.66,5250705
2021-03-01,155.73,158.04,155.07,157.58,5990141
2021-03-02,157.86,159.02,157.35,159.01,8664713
2021-03-03,159.17,159.87,156.73,157.38,27449191
2021-03-04,157.76,159.21,156.36,158.03,15257241
2021-03-05,158.12,159.42,157.31,158.39,11914894
2021-03-08,158.27,160.62,157.36,159.0,27793447
2021-03-09,159.11,161.31,158.28,161.29,33168550
2021-03-10,160.34,162.83,159.96,161.93,19244299
2021-03-11,162.05,164.07,161.92,163.75,35628549
2021-03-12,162.56,164.54,161.95,163.99,30165217
2021-03-15,163.43,165.35,163.11,164.82,29501861
2021-03-16,164.97,166.74,164.64,166.55,35101121
2021-03-17,166.71,166.96,161.41,162.73,9800901
2021-03-18,162.35,162.9,161.87,161.96,31059774
2021-03-19,161.73,162.12,159.94,160.81,38436269
2021-03-22,161.25,161.81,158.28,159.23,39713146
2021-03-23,159.08,159.21,158.09,158.59,24387617
2021-03-24,159.3,163.3,159.04,162.45,30911359
2021-03-25,162.45,162.77,159.66,160.26,35878453
2021-03-26,160.4,163.95,159.7,162.81,34530630
2021-03-29,163.34,163.87,157.94,158.49,36218304
2021-03-30,158.53,159.39,156.43,157.71,33797555
2021-03-31,157.39,159.3,156.97,158.18,17108487
2021-04-01,158.15,160.55,157.44,159.73,30019833
2021-04-02,159.72,161.84,159.28,161.61,18186209
2021-04-05,161.17,163.85,160.61,163.73,32666667
2021-04-06,163.64,163.81,161.39,162.88,32978993
2021-04-07,162.64,163.19,160.32,161.74,37583279
2021-04-08,162.04,164.33,161.37,164.02,24767816
2021-04-09,164.03,164.23,162.96,163.59,9125154
2021-04-12,163.49,164.21,159.54,160.31,26616619
2021-04-13,160.28,160.73,157.02,157.47,23956977
2021-04-14,157.54,158.03,155.03,155.22,22052769
2021-04-15,155.41,157.45,155.28,156.51,28024013
2021-04-16,156.2,157.77,155.87,156.93,34488368
2021-04-19,156.61,160.18,154.54,158.73,8500865
2021-04-20,159.08,159.66,157.27,157.71,18960305
2021-04-21,157.58,159.6,157.21,158.17,29725271
2021-04-22,157.72,160.96,157.36,159.82,33329890
2021-04-23,159.96,161.26,158.29,159.09,31800383
2021-04-26,159.24,160.9,158.04,160.32,32576119
2021-04-27,159.83,160.96,158.16,158.68,34636385
2021-04-28,158.76,159.12,157.43,157.82,38589785
2021-04-29,158.06,158.14,156.09,156.92,25498421
2021-04-30,157.04,158.62,153.69,153.98,12210065
2021-05-03,154.18,155.45,154.11,155.24,23851060
2021-05-04,154.81,155.63,154.13,154.14,29255921
2021-05-05,154.24,154.4,154.19,154.23,6725988
2021-05-06,154.14,156.7,153.7,155.48,31006021
2021-05-07,155.33,157.08,154.98,156.65,23135797
2021-05-10,156.93,159.2,155.77,158.39,37642304
2021-05-11,158.85,159.48,158.11,158.2,10837559
2021-05-12,158.77,159.67,156.57,157.19,36555389
2021-05-13,157.6,159.3,156.65,157.05,19576170
2021-05-14,157.02,157.23,152.03,152.88,24220456
2021-05-17,152.98,153.43,148.89,149.4,27420106
2021-05-18,149.63,150.79,145.89,146.3,24428667
2021-05-19,146.33,146.66,143.83,144.02,36441767
2021-05-20,144.06,145.32,143.64,145.0,9189775
2021-05-21,145.24,146.02,142.5,142.96,30005463
2021-05-24,142.94,143.34,141.96,142.15,39073619
2021-05-25,141.94,145.94,141.25,145.16,11144377
2021-05-26,145.04,145.48,143.76,144.39,12435646
2021-05-27,144.57,146.25,143.86,146.15,20575421
2021-05-28,146.15,146.61,143.41,144.03,29815240
2021-05-31,144.13,144.96,143.53,143.61,38482263
2021-06-01,143.8,143.83,140.26,141.49,32444415
2021-06-02,141.38,141.48,139.43,140.78,32378694
2021-06-03,140.99,143.06,140.79,142.72,19324973
2021-06-04,142.83,143.14,137.88,138.84,26879233
2021-06-07,138.49,140.4,138.05,139.86,10814167
2021-06-08,140.26,140.8,140.01,140.45,20136529
2021-06-09,140.3,140.69,138.87,139.17,9991534
2021-06-10,138.71,140.73,135.64,136.0,4003563
2021-06-11,135.72,137.02,135.71,136.21,34690352
2021-06-14,135.94,138.01,134.75,135.11,32774967
2021-06-15,135.13,136.09,134.14,135.67,21897990
2021-06-16,135.6,136.47,135.07,135.77,3536322
2021-06-17,135.68,139.53,135.17,139.31,6335068
2021-06-18,139.48,140.5,138.24,138.83,7135480
2021-06-21,138.92,139.68,135.56,136.61,29529720
2021-06-22,136.7,137.76,136.49,137.06,10529190
2021-06-23,137.17,138.92,136.71,137.59,12256328
2021-06-24,137.76,141.44,137.05,140.64,34860633
2021-06-25,140.05,142.62,140.04,142.58,35426605
2021-06-28,142.47,144.3,142.39,143.45,31232976
2021-06-29,142.82,147.29,141.51,146.86,14454156
2021-06-30,146.88,147.62,142.74,144.13,24457697
2021-07-01,144.13,144.75,141.52,142.71,10410020
2021-07-02,143.01,143.53,138.9,140.65,34742495
2021-07-05,140.99,142.2,139.19,139.83,6139762
2021-07-06,139.89,140.17,136.14,136.81,30542932
2021-07-07,136.67,138.85,136.01,138.25,21926652
2021-07-08,138.39,139.28,137.13,137.82,31026474
2021-07-09,137.67,138.6,134.3,134.63,19677290
2021-07-12,134.63,135.71,132.42,132.5,8850507
2021-07-13,132.76,133.24,132.39,133.21,30798549
2021-07-14,133.06,135.84,132.91,135.05,26349955
2021-07-15,135.27,139.89,134.46,139.42,20190295
2021-07-16,139.61,146.56,139.56,145.98,16790873
2021-07-19,145.7,147.94,145.58,147.0,15721190
2021-07-20,147.29,147.36,143.94,144.73,20801969
2021-07-21,144.94,145.83,139.45,139.86,12681231
2021-07-22,139.88,142.04,139.37,140.51,13447395
2021-07-23,140.3,140.56,138.28,138.74,13291429
2021-07-26,138.5,139.75,137.15,137.87,3469145
2021-07-27,137.72,138.24,136.19,136.58,37330372
2021-07-28,136.73,137.35,135.9,136.32,11752407
2021-07-29,136.06,139.31,135.53,138.7,9107908
2021-07-30,138.83,140.5,138.15,139.11,8593351
2021-08-02,138.76,138.85,138.65,138.81,39562527
2021-08-03,138.75,138.92,135.59,136.57,20639489
2021-08-04,136.6,137.81,132.05,132.96,15096019
2021-08-05,133.61,134.05,131.82,131.98,17944029
2021-08-06,131.62,132.06,131.08,131.92,6270438
2021-08-09,132.31,136.4,131.27,135.7,14605675
2021-08-10,135.74,136.66,135.7,136.04,12201544
2021-08-11,136.15,139.07,136.07,138.23,32719080
2021-08-12,138.27,138.46,136.95,137.18,5161332
2021-08-13,137.31,137.71,134.04,134.64,18741577
2021-08-16,134.6,134.71,131.64,132.61,32231101
2021-08-17,133.0,133.43,130.71,131.13,33843073
2021-08-18,131.01,135.83,130.5,135.65,21964457
2021-08-19,135.95,136.11,131.87,133.92,11233498
2021-08-20,133.74,136.27,133.02,135.77,15468504
2021-08-23,135.75,136.08,133.02,133.86,11224772
2021-08-24,133.57,136.07,133.23,135.91,27495835
2021-08-25,136.03,136.86,134.99,136.8,13827711
2021-08-26,137.2,137.49,136.47,136.51,26333921
2021-08-27,136.49,137.04,136.09,136.48,27260680
2021-08-30,136.42,136.59,133.86,135.1,37775267
2021-08-31,134.8,136.33,134.35,136.12,16702984
2021-09-01,136.06,136.13,134.46,135.18,38566639
2021-09-02,134.75,135.9,131.33,132.59,17826512
2021-09-03,132.35,133.23,129.85,129.93,28185299
2021-09-06,129.99,130.84,128.53,130.34,27479927
2021-09-07,130.68,134.95,129.82,133.69,33259189
2021-09-08,134.44,134.58,133.72,134.08,20357102
2021-09-09,133.92,134.98,133.32,133.88,32319728
2021-09-10,134.27,134.88,134.0,134.55,16147454
2021-09-13,134.61,137.53,134.41,137.41,21178230
2021-09-14,137.37,138.34,136.76,137.95,21487947
2021-09-15,138.07,138.09,136.58,137.1,29064956
2021-09-16,137.11,139.75,136.33,139.58,25878837
2021-09-17,139.61,141.14,139.61,140.59,5895583
2021-09-20,140.48,144.31,140.26,144.1,32935411
2021-09-21,143.7,144.73,143.33,144.58,31046780
2021-09-22,144.14,144.69,141.71,141.81,6868429
2021-09-23,141.99,142.57,138.49,138.76,38587821
2021-09-24,138.68,143.45,138.45,142.48,27446656
2021-09-27,142.31,146.75,141.73,146.47,6144065
2021-09-28,146.47,146.87,145.8,146.11,21181651
2021-09-29,146.34,146.51,145.2,145.27,33936284
2021-09-30,145.32,149.44,144.84,148.72,13353664
2021-10-01,148.53,148.59,145.67,146.15,37520260
2021-10-04,146.51,146.79,143.24,144.12,18480976
2021-10-05,144.57,145.88,143.86,145.66,11368988
2021-10-06,145.8,145.87,144.74,144.79,16188673
2021-10-07,145.08,145.46,144.22,144.84,22418013
2021-10-08,145.2,146.81,143.94,144.52,28460814
2021-10-11,144.85,145.69,144.44,145.36,37330754
2021-10-12,145.54,149.19,144.51,148.69,10211132
2021-10-13,148.87,149.29,148.11,148.97,38528362
2021-10-14,149.12,150.75,148.72,150.56,22524937
2021-10-15,150.23,151.28,145.38,145.68,7731648
2021-10-18,145.89,146.7,145.6,145.63,37279319
2021-10-19,145.23,145.3,142.9,143.72,15913156
2021-10-20,143.49,144.29,140.96,140.97,25961646
2021-10-21,141.34,142.18,138.22,139.05,28831351
2021-10-22,139.28,139.72,137.99,138.36,3496052
2021-10-25,138.77,141.33,138.44,140.44,11197664
2021-10-26,140.37,141.62,136.22,137.52,28398884
2021-10-27,137.2,138.1,137.2,137.64,15016513
2021-10-28,137.58,137.58,135.1,136.63,3345262
2021-10-29,136.66,137.75,135.73,135.97,3861769
2021-11-01,135.99,138.32,134.67,138.21,33578515
2021-11-02,138.52,139.47,137.43,139.45,8680302
2021-11-03,139.35,142.96,138.07,142.49,6715703
2021-11-04,142.59,143.01,141.47,142.2,23806191
2021-11-05,141.91,142.25,140.03,140.67,7400654
2021-11-08,140.8,140.81,139.72,140.22,27164332
2021-11-09,140.22,141.38,140.07,140.82,23131546
2021-11-10,140.61,141.37,139.72,141.28,27009737
2021-11-11,141.21,141.26,138.43,138.88,21189370
2021-11-12,138.83,140.07,138.36,139.14,31799337
2021-11-15,139.06,140.73,138.44,139.7,26855923
2021-11-16,140.2,145.8,139.64,145.38,18365412
2021-11-17,145.36,151.76,145.15,149.81,3569028
2021-11-18,149.74,149.89,146.83,147.82,13119156
2021-11-19,147.2,147.56,146.97,147.2,7862946
2021-11-22,146.94,147.9,143.28,143.81,3576485
2021-11-23,143.74,144.09,141.89,142.51,13107310
2021-11-24,142.32,143.76,141.48,143.29,10645303
2021-11-25,143.69,146.4,142.93,146.11,5839388
2021-11-26,146.06,146.15,143.92,144.47,14558349
2021-11-29,144.84,145.37,141.05,143.01,21742909
2021-11-30,143.03,143.36,136.93,138.16,9593653
2021-12-01,138.17,138.85,136.87,137.85,13105112
2021-12-02,137.83,138.51,135.29,135.56,3745345
2021-12-03,135.56,135.76,133.96,134.47,4864965
2021-12-06,134.93,135.55,131.55,132.64,8825561
2021-12-07,132.02,132.93,131.19,132.49,19758175
2021-12-08,131.96,133.22,128.8,128.82,27645683
2021-12-09,128.68,129.17,125.66,125.84,32168540
2021-12-10,125.85,131.08,125.76,130.18,26294660
2021-12-13,130.36,131.01,127.41,127.55,25823438
2021-12-14,127.67,128.09,124.36,125.36,37620294
2021-12-15,125.27,129.42,125.0,129.1,12458735
2021-12-16,129.36,135.22,128.89,135.15,32532226
2021-12-17,135.43,136.19,131.9,132.67,37664234
2021-12-20,132.72,133.23,131.17,131.94,24006976
2021-12-21,132.2,133.53,131.7,132.72,34100522
2021-12-22,132.79,137.23,132.59,136.44,8089584
2021-12-23,136.29,138.24,132.65,134.34,35514972
2021-12-24,134.53,134.78,132.44,133.87,23870657
2021-12-27,133.9,135.98,133.22,135.59,11196767
2021-12-28,135.59,136.92,135.23,136.58,5279017
2021-12-29,136.99,138.23,135.74,135.82,29637342
2021-12-30,135.15,135.99,135.03,135.58,18942741
2021-12-31,135.2,135.93,131.36,132.65,14470127
2022-01-03,132.34,133.29,131.36,132.2,17439569
2022-01-04,132.1,133.24,131.67,131.69,39667487
2022-01-05,131.62,132.41,131.42,132.23,18829110
2022-01-06,131.83,132.08,130.63,131.11,5914720
2022-01-07,130.85,132.35,130.83,132.15,13353558
2022-01-10,131.92,134.46,130.87,134.34,8378461
2022-01-11,135.0,135.66,133.78,134.73,28375726
2022-01-12,135.22,135.57,134.76,135.54,32614774
2022-01-13,135.43,136.07,134.06,135.71,34114945
2022-01-14,135.62,135.9,135.59,135.77,26416660
2022-01-17,135.46,135.69,133.57,134.26,31435128
2022-01-18,133.74,135.94,133.71,134.99,18439744
2022-01-19,134.96,136.29,134.81,134.83,26226827
2022-01-20,134.56,139.58,134.17,139.4,6958067
2022-01-21,139.38,143.01,139.3,142.97,22918757
2022-01-24,142.51,144.83,142.28,143.91,23626299
2022-01-25,143.69,143.71,141.65,142.21,4150114
2022-01-26,142.25,142.29,139.65,139.73,23287415
2022-01-27,139.84,143.99,139.41,142.45,29748557
2022-01-28,142.57,143.76,140.93,143.11,16600858
2022-01-31,142.73,144.56,142.67,144.26,23164368
2022-02-01,144.51,144.79,139.21,140.3,13584721
2022-02-02,140.07,143.26,139.93,142.43,13017418
2022-02-03,142.61,143.64,142.43,143.53,7791262
2022-02-04,143.52,144.26,140.1,141.03,15130155
2022-02-07,140.65,141.19,139.71,140.03,32718200
2022-02-08,139.94,140.74,139.79,140.67,37617451
2022-02-09,140.78,141.18,139.66,140.85,26518168
2022-02-10,141.02,141.46,140.09,140.25,26101403
2022-02-11,140.21,140.53,139.1,140.07,25711382
2022-02-14,140.5,140.64,139.11,139.56,20608760
2022-02-15,139.84,140.4,138.7,139.96,18652320
2022-02-16,139.88,143.4,139.84,143.31,25974104
2022-02-17,143.52,144.11,135.84,137.48,32022824
2022-02-18,138.01,138.08,136.68,137.01,18308466
2022-02-21,137.55,138.09,136.93,137.46,23938002
2022-02-22,137.12,138.76,136.29,138.16,20396744
2022-02-23,137.91,138.46,135.79,137.39,13563989
2022-02-24,137.8,139.05,133.04,133.59,13741442
2022-02-25,133.31,135.38,133.08,134.34,5914521
2022-02-28,133.99,138.29,133.15,138.11,19274572
2022-03-01,137.97,139.16,134.31,134.77,29360869
2022-03-02,134.89,137.18,133.56,136.69,28366912
2022-03-03,136.66,137.19,134.98,136.03,39469689
2022-03-04,135.85,136.14,135.67,135.95,4477851
2022-03-07,135.77,136.11,133.4,133.71,31144319
2022-03-08,133.52,134.46,131.74,133.05,32416014
2022-03-09,132.82,136.58,132.11,135.87,19148079
2022-03-10,136.49,137.74,136.31,137.19,13470243
2022-03-11,137.27,141.2,136.77,141.05,16212776
2022-03-14,141.3,144.04,139.63,143.76,28254712
2022-03-15,143.62,145.19,143.37,144.83,34900169
2022-03-16,144.78,149.61,144.47,148.93,26780836
2022-03-17,148.72,150.18,148.63,150.04,22024935
2022-03-18,149.24,152.46,148.5,152.08,27147237
2022-03-21,151.66,151.86,150.99,151.42,5612068
2022-03-22,150.87,151.69,150.4,151.64,25500769
2022-03-23,150.96,151.04,149.22,150.01,4559195
2022-03-24,149.65,152.61,149.37,152.45,38486768
2022-03-25,152.85,153.44,148.11,149.64,35900663
2022-03-28,149.62,151.99,148.71,151.57,21808734
2022-03-29,151.96,151.99,150.03,151.17,16840996
2022-03-30,151.29,154.68,150.99,154.06,30095807
2022-03-31,154.3,156.02,153.71,155.97,26590554
2022-04-01,155.69,160.6,155.56,160.58,29101625
2022-04-04,160.75,162.68,160.74,162.52,22076532
2022-04-05,162.76,164.55,157.91,158.5,11741900
2022-04-06,158.31,158.81,157.24,158.39,5710308
2022-04-07,158.57,158.9,154.83,155.48,13482316
2022-04-08,155.66,156.49,154.05,154.26,22572959
2022-04-11,154.09,158.13,154.01,158.05,18688632
2022-04-12,157.69,161.59,157.24,159.72,21735547
2022-04-13,159.35,159.65,157.03,158.0,13274823
2022-04-14,158.03,158.28,155.22,155.5,37701182
2022-04-15,155.6,156.27,154.75,155.65,16569494
2022-04-18,155.4,155.67,152.31,152.68,34307783
2022-04-19,152.69,152.88,150.99,151.1,17465542
2022-04-20,151.27,152.56,151.2,151.91,19412695
2022-04-21,152.1,155.03,151.47,154.78,25342988
2022-04-22,155.26,157.34,155.21,156.35,12735901
2022-04-25,156.75,156.83,149.73,150.68,11135931
2022-04-26,150.38,151.73,150.29,151.48,17030060
2022-04-27,151.99,154.04,151.04,151.71,32758799
2022-04-28,151.55,153.08,151.18,152.78,8350215
2022-04-29,153.1,157.35,152.94,156.79,19188845
2022-05-02,156.81,157.36,151.39,151.68,27868325
2022-05-03,151.55,152.27,149.94,150.3,29131032
2022-05-04,149.76,152.5,149.37,151.78,19073047
2022-05-05,151.73,152.01,147.35,148.0,6013371
2022-05-06,147.54,151.65,146.49,151.56,3588537
2022-05-09,151.85,152.56,151.1,152.51,20388719
2022-05-10,152.97,155.2,152.26,154.64,32971662
2022-05-11,154.39,155.05,152.6,153.29,4044122
2022-05-12,153.38,156.18,153.32,155.35,35836713
2022-05-13,155.12,158.24,154.77,158.06,28008669
2022-05-16,157.86,159.19,156.97,158.72,3298061
2022-05-17,158.96,159.64,158.61,159.37,15717272
2022-05-18,159.36,160.78,158.98,160.13,11158556
2022-05-19,160.68,161.23,157.45,157.98,38122354
2022-05-20,157.83,158.41,157.42,157.67,23526942
2022-05-23,157.98,158.4,156.42,157.35,14992595
2022-05-24,157.38,159.12,157.22,158.38,13287786
2022-05-25,158.63,162.02,156.67,160.97,23860818
2022-05-26,160.83,161.34,158.18,158.31,3188500
2022-05-27,158.3,158.77,157.83,158.06,12523340
2022-05-30,158.02,162.88,158.02,161.87,9120166
2022-05-31,161.6,163.87,159.8,160.01,25944167
2022-06-01,160.22,161.59,157.62,157.97,27761284
2022-06-02,158.17,159.13,156.53,158.54,20280566
2022-06-03,158.73,161.24,158.06,160.75,8181079
2022-06-06,161.24,161.93,160.15,160.84,16713245
2022-06-07,161.31,165.21,161.14,164.32,34187313
2022-06-08,164.2,166.89,162.91,166.64,10536505
2022-06-09,166.77,169.98,166.12,168.95,9044598
2022-06-10,168.74,170.8,167.67,170.52,7126289
2022-06-13,170.53,176.98,169.8,176.94,33218447
2022-06-14,176.72,177.15,176.42,176.43,7435527
2022-06-15,177.0,177.45,169.37,170.84,24519893
2022-06-16,170.97,175.82,169.89,175.3,39964480
2022-06-17,175.22,175.55,173.17,174.08,26747045
2022-06-20,174.5,176.35,174.05,174.45,18255496
2022-06-21,173.69,178.39,172.73,178.18,10652593
2022-06-22,177.46,179.11,173.48,173.68,3071399
2022-06-23,173.96,174.83,169.83,170.27,8755837
2022-06-24,170.29,171.77,165.59,165.98,38258365
2022-06-27,166.06,166.07,163.33,163.93,8313331
2022-06-28,163.5,165.25,162.55,165.15,3739257
2022-06-29,165.15,167.0,164.4,166.6,33194671
2022-06-30,167.27,169.09,167.14,167.41,18487686
2022-07-01,167.68,168.14,162.9,163.69,16208851
2022-07-04,163.75,164.34,156.73,157.71,29546670
2022-07-05,157.57,158.64,157.04,157.91,22352052
2022-07-06,157.78,158.57,156.04,156.78,36840172
2022-07-07,156.11,158.02,155.5,157.99,20301160
2022-07-08,158.07,159.97,156.63,159.83,29376792
2022-07-11,160.1,161.73,159.19,160.25,35517925
2022-07-12,159.74,162.41,158.68,162.26,20154152
2022-07-13,162.05,162.93,161.51,162.92,13518413
2022-07-14,162.54,164.54,160.91,164.37,39054355
2022-07-15,164.05,164.72,162.1,162.58,11391370
2022-07-18,162.6,163.04,161.35,162.18,4454817
2022-07-19,161.5,162.9,161.08,162.75,24391656
2022-07-20,162.95,165.03,162.32,164.96,39515011
2022-07-21,165.2,165.7,163.12,163.98,6198220
2022-07-22,163.9,166.31,163.84,165.41,34427487
2022-07-25,164.59,165.02,164.56,164.78,33726009
2022-07-26,164.45,164.91,163.83,164.53,37370410
2022-07-27,164.94,167.15,164.83,166.78,18597817
2022-07-28,165.86,166.36,160.49,161.53,12426579
2022-07-29,161.42,161.77,157.6,158.25,21949286
2022-08-01,157.87,158.5,154.37,154.56,8270948
2022-08-02,154.8,155.56,147.94,148.85,34185466
2022-08-03,148.65,149.61,146.1,147.29,27542665
2022-08-04,147.41,150.44,146.84,149.12,20883055
2022-08-05,149.28,149.93,148.28,148.5,22086799
2022-08-08,149.04,149.05,148.47,149.03,29348509
2022-08-09,148.96,151.69,148.47,151.68,22357214
2022-08-10,151.8,155.04,151.68,154.96,34072844
2022-08-11,154.5,155.36,153.87,154.86,37210909
2022-08-12,155.22,159.45,154.25,158.27,38142234
2022-08-15,158.03,158.64,157.77,158.57,25942993
2022-08-16,158.39,159.0,156.36,156.51,30474376
2022-08-17,156.5,156.57,154.55,155.08,14509361
2022-08-18,154.6,155.21,151.06,151.47,4410317
2022-08-19,151.54,152.37,149.2,149.38,17802462
2022-08-22,149.67,149.84,148.17,148.58,35253297
2022-08-23,148.67,150.66,148.64,150.55,7939345
2022-08-24,150.07,155.2,149.76,154.76,23191370
2022-08-25,154.72,156.41,150.85,151.4,10115619
2022-08-26,151.62,152.62,151.34,152.41,18883058
2022-08-29,151.84,152.2,149.43,149.93,8303952
2022-08-30,149.61,151.94,149.11,151.13,30185555
2022-08-31,151.4,152.37,150.83,150.87,32980779
2022-09-01,150.96,152.15,146.06,146.51,31059098
2022-09-02,146.64,149.44,146.25,148.75,29080318
2022-09-05,149.3,150.08,146.54,147.37,11700657
2022-09-06,147.51,147.54,145.24,146.17,22622765
2022-09-07,146.36,146.43,142.96,143.73,6877070
2022-09-08,144.5,145.16,141.9,142.28,16851609
2022-09-09,142.22,143.53,140.82,143.31,21715154
2022-09-12,143.08,143.96,142.8,142.93,27734288
2022-09-13,143.06,144.32,140.89,143.74,6581690
2022-09-14,143.87,145.64,143.7,144.63,33077497
2022-09-15,144.48,148.44,144.29,147.75,19979478
2022-09-16,147.44,147.8,146.7,146.99,35605628
2022-09-19,147.67,148.13,143.31,143.58,22516592
2022-09-20,143.67,147.24,143.07,146.09,23239600
2022-09-21,145.87,146.42,145.29,145.37,28625876
2022-09-22,145.64,148.06,144.34,148.02,33335749
2022-09-23,147.99,149.86,147.81,148.99,8832123
2022-09-26,148.91,149.69,148.54,148.74,21918320
2022-09-27,148.9,149.69,148.23,149.63,4108323
2022-09-28,149.24,154.88,148.93,154.36,20557613
2022-09-29,154.47,161.45,154.36,159.55,33100036
2022-09-30,160.16,160.99,159.3,159.79,35020978
2022-10-03,159.94,161.21,159.32,160.26,13490250
2022-10-04,160.14,163.36,158.0,163.09,17295835
2022-10-05,162.92,163.12,160.73,160.95,23407768
2022-10-06,160.81,162.75,159.64,161.87,17648769
2022-10-07,161.79,162.31,161.22,161.87,9588925
2022-10-10,161.74,164.68,161.7,162.74,14281719
2022-10-11,163.04,163.68,160.2,160.64,17950095
2022-10-12,160.08,160.19,156.18,156.62,22191963
2022-10-13,156.89,157.04,150.97,151.48,37067086
2022-10-14,151.37,151.73,148.36,148.84,23159451
2022-10-17,148.95,149.54,147.55,147.8,17323317
2022-10-18,147.47,147.92,146.53,147.17,27437062
2022-10-19,147.56,151.95,147.1,151.79,31603064
2022-10-20,152.17,155.96,151.47,154.54,18928585
2022-10-21,154.83,155.19,151.32,152.22,21102824
2022-10-24,151.76,153.45,150.95,153.13,11059979
2022-10-25,153.38,154.22,151.67,152.19,34997143
2022-10-26,152.32,152.8,150.82,151.56,35073156
2022-10-27,151.07,152.76,151.04,152.07,9471670
2022-10-28,152.06,153.74,151.47,153.64,15802032
2022-10-31,153.75,156.11,151.52,152.87,13062077
2022-11-01,153.04,156.52,152.37,155.53,37148906
2022-11-02,155.58,157.05,152.61,152.75,5413310
2022-11-03,152.84,153.26,152.35,152.83,10672073
2022-11-04,153.28,160.82,152.98,159.24,14651572
2022-11-07,159.63,160.86,158.84,159.87,23722126
2022-11-08,158.95,163.61,157.76,163.6,12212217
2022-11-09,163.5,164.81,162.91,163.91,22854758
2022-11-10,163.85,165.72,163.39,165.49,30647375
2022-11-11,164.91,165.79,164.35,165.41,33659970
2022-11-14,165.44,165.74,163.9,165.03,6665286
2022-11-15,165.44,166.01,162.23,163.03,8137501
2022-11-16,162.68,166.09,162.09,164.22,6522162
2022-11-17,164.33,165.13,161.76,162.05,36667675
2022-11-18,161.75,165.13,160.65,163.84,27127657
2022-11-21,163.62,167.12,162.46,166.75,22662842
2022-11-22,167.24,168.75,166.56,167.79,32263762
2022-11-23,167.61,168.62,167.02,167.09,24686047
2022-11-24,167.25,168.73,166.26,168.37,11711794
2022-11-25,167.74,168.72,167.51,167.61,21876152
2022-11-28,168.23,170.98,167.34,170.19,29018823
2022-11-29,170.39,172.58,164.19,165.27,4332921
2022-11-30,165.21,165.83,164.28,164.45,25434406
2022-12-01,164.63,165.05,158.46,159.27,21392354
2022-12-02,158.82,159.07,155.2,155.53,5571737
2022-12-05,155.89,159.37,155.45,158.98,12751337
2022-12-06,158.88,162.04,157.96,161.32,19595798
2022-12-07,161.26,163.49,159.29,159.53,15679462
2022-12-08,159.37,159.72,154.9,155.76,13732457
2022-12-09,155.58,155.87,148.12,148.43,27016759
2022-12-12,148.64,149.01,146.95,147.2,17961421
2022-12-13,147.28,154.44,146.92,152.96,21414793
2022-12-14,153.16,154.1,152.92,154.09,32537683
2022-12-15,154.09,155.08,151.99,152.77,6449073
2022-12-16,152.93,154.17,152.51,153.97,16316488
2022-12-19,153.84,154.47,150.15,150.18,5702527
2022-12-20,150.85,151.06,149.48,149.53,37311145
2022-12-21,149.06,150.85,148.54,149.83,9869334
2022-12-22,150.21,150.25,148.91,149.68,33335100
2022-12-23,150.09,152.01,149.33,151.63,10062750
2022-12-26,151.38,152.81,151.02,152.53,14990094
2022-12-27,153.21,154.45,152.2,154.22,25507128
2022-12-28,154.53,154.84,151.66,152.59,33760855
2022-12-29,152.88,156.57,151.18,154.84,9579135
2022-12-30,154.85,159.15,154.07,158.94,10885484
2023-01-02,158.87,159.2,155.42,156.53,35623618
2023-01-03,156.47,157.45,154.31,154.37,14912699
2023-01-04,154.49,158.63,153.21,157.73,10761144
2023-01-05,158.18,158.19,155.86,157.31,30510336
2023-01-06,157.37,162.83,157.17,160.91,6371863
2023-01-09,160.62,161.03,159.36,159.84,35077690
2023-01-10,160.1,165.44,159.37,163.62,35402602
2023-01-11,163.92,165.24,163.87,164.03,34691262
2023-01-12,164.25,164.91,163.74,164.77,13927120
2023-01-13,165.02,169.81,163.82,168.96,7225753
2023-01-16,168.87,169.63,167.68,168.05,18740637
2023-01-17,167.74,169.04,164.34,165.59,15379360
2023-01-18,165.3,165.52,163.58,164.47,38483976
2023-01-19,163.93,165.75,163.22,165.72,26372739
2023-01-20,165.8,166.21,161.25,161.64,37941661
2023-01-23,161.61,163.42,161.17,163.35,30782400
2023-01-24,163.21,165.47,161.12,162.01,29451924
2023-01-25,161.05,165.74,160.46,165.05,7138276
2023-01-26,164.64,165.5,158.07,158.79,5550741
2023-01-27,159.15,159.82,155.96,156.86,4720167
2023-01-30,156.65,157.81,151.84,152.69,24953584
2023-01-31,152.8,152.94,150.09,150.73,10463267
2023-02-01,150.31,152.94,150.12,151.39,39595883
2023-02-02,151.82,151.97,150.82,151.02,7908496
2023-02-03,150.97,151.58,150.1,150.46,38035900
2023-02-06,150.55,151.28,149.89,150.14,27702667
2023-02-07,150.84,150.97,150.05,150.69,6922092
2023-02-08,151.15,151.67,147.32,148.32,5162774
2023-02-09,148.23,151.18,147.58,150.05,17650790
2023-02-10,149.88,152.27,149.74,151.71,15541403
2023-02-13,151.61,153.2,150.74,152.7,14674859
2023-02-14,152.86,154.6,152.82,154.12,22556774
2023-02-15,154.09,154.94,153.01,154.91,7799939
2023-02-16,154.79,160.18,154.04,160.02,7789912
2023-02-17,160.49,161.44,159.57,159.86,28707537
2023-02-20,159.82,161.57,158.87,159.14,39641432
2023-02-21,159.87,159.99,156.78,157.28,13132389
2023-02-22,157.31,157.57,153.48,154.75,37481376
2023-02-23,155.3,156.24,151.07,151.73,15760034
2023-02-24,151.84,153.03,149.38,149.63,15427816
2023-02-27,149.92,151.1,149.44,149.52,6343278
2023-02-28,149.31,151.13,148.49,150.38,18663080
2023-03-01,150.13,150.83,149.88,150.57,21424799
2023-03-02,150.71,151.07,147.58,148.78,27559491
2023-03-03,149.08,152.9,148.71,150.99,8852210
2023-03-06,151.0,153.96,150.7,152.83,9981651
2023-03-07,152.44,153.36,150.34,152.5,18987345
2023-03-08,152.09,152.38,150.94,150.97,5576987
2023-03-09,150.54,153.03,150.3,152.36,8303662
2023-03-10,151.82,153.48,151.2,152.87,26275780
2023-03-13,152.91,153.75,148.59,149.39,38292445
2023-03-14,149.73,149.91,149.05,149.29,24199601
2023-03-15,149.29,150.06,149.15,149.98,8364353
2023-03-16,149.3,150.49,147.6,147.88,39666653
2023-03-17,147.82,148.65,146.4,148.39,22309824
2023-03-20,148.34,150.15,144.17,144.99,29523246
2023-03-21,145.6,148.52,144.9,148.15,10288253
2023-03-22,147.72,151.69,146.16,151.17,24402132
2023-03-23,151.05,151.08,150.04,150.62,5825386
2023-03-24,151.13,151.62,150.83,151.55,26152418
2023-03-27,151.69,151.9,144.5,145.77,10485418
2023-03-28,145.93,146.51,142.58,143.13,36652059
2023-03-29,143.16,144.26,142.12,142.52,5026641
2023-03-30,142.61,142.98,139.21,140.13,27147300
2023-03-31,140.35,142.27,139.83,141.79,8157703
2023-04-03,141.56,146.82,140.84,146.37,28423494
2023-04-04,146.63,147.81,142.7,143.68,21258913
2023-04-05,143.28,143.76,141.05,141.81,38796801
2023-04-06,141.9,143.2,141.61,142.4,27117174
2023-04-07,142.45,146.16,141.72,146.13,16763930
2023-04-10,145.95,147.38,143.17,143.33,6231573
2023-04-11,143.32,144.46,143.12,143.96,25043021
2023-04-12,143.78,149.44,143.42,148.21,19317689
2023-04-13,147.89,148.12,143.95,144.35,4942918
2023-04-14,144.25,144.89,141.04,141.45,24506139
2023-04-17,141.14,141.96,140.11,140.55,10769806
2023-04-18,140.64,140.95,139.12,139.43,11666350
2023-04-19,139.11,141.43,139.07,141.3,3331480
2023-04-20,141.5,142.36,141.19,141.9,16766901
2023-04-21,141.57,141.99,137.83,137.93,11075969
2023-04-24,137.78,139.43,137.4,139.12,5657890
2023-04-25,138.95,139.63,136.47,137.89,19068908
2023-04-26,138.26,140.96,137.61,140.76,11144849
2023-04-27,140.85,141.35,138.72,139.4,7963854
2023-04-28,139.34,139.95,135.91,138.04,20269858
2023-05-01,138.18,140.44,137.82,139.29,5339867
2023-05-02,138.7,141.25,138.37,141.05,39646360
2023-05-03,141.03,142.37,140.54,142.11,20425509
2023-05-04,142.68,144.37,137.64,138.34,39861807
2023-05-05,138.37,139.96,138.07,139.58,35610227
2023-05-08,139.6,140.23,136.98,137.33,39246002
2023-05-09,137.48,138.99,137.04,137.9,23081000
2023-05-10,138.15,139.32,134.7,134.82,18654196
2023-05-11,134.28,136.81,134.18,135.83,29635965
2023-05-12,135.38,136.13,133.4,134.13,5985173
2023-05-15,134.19,135.1,130.87,131.43,34087248
2023-05-16,131.25,133.48,131.14,132.99,14972217
2023-05-17,133.34,133.98,132.89,133.56,3274373
2023-05-18,133.47,133.88,131.55,132.3,11795431
2023-05-19,131.79,137.0,131.28,135.42,11965832
2023-05-22,135.08,136.34,133.44,134.52,3522683
2023-05-23,133.78,134.83,133.57,134.64,27737523
2023-05-24,134.58,136.33,134.47,135.28,6523643
2023-05-25,135.23,135.52,133.47,133.99,34327726
2023-05-26,133.88,135.12,133.27,135.05,19768101
2023-05-29,135.35,136.11,133.76,133.96,29574867
2023-05-30,134.28,135.69,132.74,133.13,15567511
2023-05-31,133.08,136.47,133.04,136.08,7883729
2023-06-01,135.5,135.51,133.42,133.87,9673087
2023-06-02,134.04,135.26,128.59,128.76,26897505
2023-06-05,128.9,133.13,128.89,132.13,29495698
2023-06-06,132.21,138.28,132.19,137.57,12898572
2023-06-07,137.84,138.54,135.44,136.73,16213277
2023-06-08,136.41,136.48,132.29,132.55,37966992
2023-06-09,133.08,133.24,131.91,131.94,34519110
2023-06-12,131.69,132.32,131.21,131.39,18282470
2023-06-13,131.59,132.24,130.88,131.05,11916154
2023-06-14,130.6,130.78,128.45,128.76,14150094
2023-06-15,128.52,130.66,127.83,130.01,22920559
2023-06-16,130.4,131.24,129.34,131.15,23970902
2023-06-19,131.08,131.13,127.85,128.07,9813151
2023-06-20,128.28,129.92,127.79,129.55,5435837
2023-06-21,129.61,134.51,128.52,133.86,21326122
2023-06-22,133.83,134.78,133.31,134.28,32505990
2023-06-23,134.65,135.2,132.63,133.61,8641260
2023-06-26,133.55,135.29,133.21,133.36,18109150
2023-06-27,132.89,134.98,132.71,134.73,8978409
2023-06-28,134.51,134.82,130.93,131.05,11958990
2023-06-29,131.19,131.95,130.84,131.45,25652264
2023-06-30,131.55,132.09,130.08,130.68,13589213
2023-07-03,130.27,134.95,130.23,134.59,12760083
2023-07-04,134.4,134.67,133.99,134.27,39839599
2023-07-05,134.12,138.28,133.56,137.91,9377587
2023-07-06,137.81,138.38,134.98,135.53,10003621
2023-07-07,135.16,137.14,134.92,136.86,37401425
2023-07-10,136.68,137.67,134.84,137.61,23357679
2023-07-11,137.41,138.09,135.33,135.75,4591120
2023-07-12,135.96,136.6,135.61,136.19,18723445
2023-07-13,136.41,140.17,135.72,138.89,23910480
2023-07-14,138.85,140.18,138.11,138.22,12368081
2023-07-17,138.12,138.99,134.5,134.54,23285762
2023-07-18,134.58,135.46,133.03,134.55,26995007
2023-07-19,134.33,134.44,132.52,132.67,12272528
2023-07-20,132.36,133.15,131.38,131.99,33058817
2023-07-21,131.74,132.34,131.42,131.87,19752554
2023-07-24,131.7,132.21,127.5,128.33,38648072
2023-07-25,128.03,128.31,125.04,125.06,6246297
2023-07-26,125.1,126.91,124.92,126.07,14996754
2023-07-27,126.26,126.68,124.88,125.07,29686995
2023-07-28,124.67,124.68,119.91,119.99,36111875
2023-07-31,119.99,121.82,119.84,121.54,11202794
2023-08-01,121.49,122.39,120.56,122.12,39269261
2023-08-02,122.2,122.4,119.88,120.78,10155258
2023-08-03,120.77,121.12,117.93,118.28,18396525
2023-08-04,117.94,120.45,117.93,119.91,14650503
2023-08-07,119.61,120.65,119.24,120.63,18699942
2023-08-08,120.63,126.55,120.26,125.27,36387687
2023-08-09,125.53,126.3,125.36,126.17,30104355
2023-08-10,125.61,127.48,125.0,127.0,32469265
2023-08-11,127.09,127.26,126.53,126.71,12397990
2023-08-14,127.01,129.58,126.87,128.42,38035014
2023-08-15,128.38,130.32,128.17,129.75,19114896
2023-08-16,129.89,132.55,128.67,132.4,27122606
2023-08-17,132.22,132.24,130.91,131.35,28815624
2023-08-18,131.32,131.39,130.44,130.49,27528095
2023-08-21,130.07,130.14,129.26,129.54,25266489
2023-08-22,128.93,131.3,128.92,131.23,20761146
2023-08-23,131.48,135.0,131.15,134.43,26962703
2023-08-24,134.17,135.09,132.46,133.5,36491893
2023-08-25,133.38,133.38,132.3,132.64,17421628
2023-08-28,132.28,133.91,131.57,133.36,21902454
2023-08-29,132.99,133.45,131.74,132.89,9662804
2023-08-30,132.85,135.49,132.32,134.97,16137222
2023-08-31,134.77,135.29,129.48,130.16,31565763
2023-09-01,130.26,130.97,128.12,128.49,26693875
2023-09-04,128.61,130.03,126.55,126.93,10812408
2023-09-05,127.02,127.09,121.72,122.27,23207161
2023-09-06,122.33,123.67,120.28,120.44,33042565
2023-09-07,120.82,121.15,117.62,118.72,7588733
2023-09-08,118.47,119.2,118.09,118.39,5292096
2023-09-11,118.37,120.87,118.14,120.54,17530840
2023-09-12,120.81,120.96,119.62,120.12,27292255
2023-09-13,120.42,121.03,117.76,118.18,14593040
2023-09-14,117.85,118.41,117.23,118.12,33378231
2023-09-15,118.05,120.89,117.16,120.15,34332849
2023-09-18,120.48,121.03,117.59,118.33,22703214
2023-09-19,118.45,119.35,116.23,116.65,17017174
2023-09-20,116.69,117.95,115.72,117.74,4543493
2023-09-21,117.69,118.22,117.08,117.37,33397543
2023-09-22,117.28,118.81,117.25,118.63,36125452
2023-09-25,118.7,119.06,117.35,118.65,19368414
2023-09-26,118.59,121.06,117.39,120.03,22109330
2023-09-27,120.02,120.15,118.02,118.09,30879520
2023-09-28,118.11,118.59,117.9,118.12,28728726
2023-09-29,117.96,118.03,117.11,117.77,8005431
2023-10-02,117.89,118.24,115.48,115.52,27875557
2023-10-03,116.19,116.2,112.61,112.68,37212058
2023-10-04,112.28,114.78,111.75,113.96,30775363
2023-10-05,114.03,114.35,113.29,113.36,20780715
2023-10-06,113.19,114.16,110.87,111.56,22356965
2023-10-09,111.68,111.8,111.42,111.43,12612535
2023-10-10,111.44,114.5,111.37,113.48,27448097
2023-10-11,113.66,113.78,108.81,109.39,11935115
2023-10-12,109.65,110.63,106.29,106.81,15648777
2023-10-13,106.85,107.87,103.8,105.28,12807859
2023-10-16,105.52,108.15,105.32,107.78,15406853
2023-10-17,107.28,108.35,107.07,108.31,16568794
2023-10-18,108.66,109.89,108.37,109.69,6070164
2023-10-19,109.77,110.36,106.72,107.73,29548222
2023-10-20,107.96,108.25,105.42,105.84,19316764
2023-10-23,105.58,107.25,104.74,106.64,38135312
2023-10-24,106.47,107.07,105.72,106.78,9692771
2023-10-25,106.82,107.9,106.63,107.76,27754384
2023-10-26,107.76,107.84,107.43,107.48,9629955
2023-10-27,107.55,108.1,106.86,108.01,23245152
2023-10-30,108.24,108.89,107.96,108.32,21162568
2023-10-31,107.94,110.19,107.59,109.71,19598118
2023-11-01,109.93,112.08,109.87,111.17,27224379
2023-11-02,111.18,111.52,108.18,108.34,33643195
2023-11-03,108.29,108.63,103.48,104.48,14718707
2023-11-06,104.18,106.46,103.14,106.2,34437316
2023-11-07,106.31,108.48,106.28,108.26,9839503
2023-11-08,107.74,107.91,106.5,106.54,13842393
2023-11-09,106.68,107.1,103.22,103.41,14494806
2023-11-10,103.1,103.64,102.53,103.61,38276549
2023-11-13,103.63,105.46,103.46,105.2,7387206
2023-11-14,105.17,108.44,104.95,108.27,17619268
2023-11-15,108.52,110.31,107.99,109.21,18704174
2023-11-16,109.17,110.11,108.31,108.6,32602888
2023-11-17,108.45,108.72,107.07,107.09,20978282
2023-11-20,106.98,108.05,106.14,107.15,38772335
2023-11-21,107.43,107.48,106.31,106.68,30391837
2023-11-22,106.8,107.03,103.97,104.99,29035349
2023-11-23,104.91,109.61,104.53,108.48,30858014
2023-11-24,108.43,111.84,107.63,111.62,8977376
2023-11-27,111.27,113.91,110.8,113.69,19614891
2023-11-28,113.78,114.97,111.93,112.06,24687067
2023-11-29,111.67,114.12,111.14,113.64,10713600
2023-11-30,113.81,115.67,113.68,114.85,7394753
2023-12-01,114.88,116.57,114.43,115.71,8023360
2023-12-04,116.26,118.28,116.2,118.07,32198255
2023-12-05,117.81,119.34,116.98,119.32,27304600
2023-12-06,119.29,121.58,118.51,120.78,13408661
2023-12-07,121.21,123.08,120.37,122.05,30276649
2023-12-08,122.35,123.46,122.04,122.77,28722948
2023-12-11,122.6,123.18,118.08,119.31,33210563
2023-12-12,119.37,119.64,118.55,119.52,36673317
2023-12-13,119.52,119.79,117.38,118.51,35642661
2023-12-14,118.57,119.65,115.3,116.13,9697364
2023-12-15,115.96,119.58,115.42,119.3,31462539
2023-12-18,119.28,124.04,118.36,122.65,17535740
2023-12-19,122.25,125.76,122.07,125.36,17915519
2023-12-20,125.4,126.85,124.71,125.92,26943395
2023-12-21,126.04,128.81,125.69,128.7,25280961
2023-12-22,128.64,128.82,127.8,128.77,18527367
2023-12-25,128.36,129.49,127.96,129.24,39980951
2023-12-26,129.5,130.03,125.67,127.03,9468300
2023-12-27,127.12,128.51,126.98,127.89,6585807
2023-12-28,127.7,128.88,126.98,128.06,4075649
2023-12-29,127.99,128.87,125.44,125.45,33126851
2024-01-01,125.07,126.02,124.76,125.39,18044131
2024-01-02,125.14,125.89,124.58,125.28,19181685
2024-01-03,125.15,128.99,124.54,128.94,27020733
2024-01-04,129.25,131.06,128.41,130.83,19109641
2024-01-05,130.67,131.21,130.1,130.91,24237415
2024-01-08,131.08,132.14,130.37,131.48,5162808
2024-01-09,131.34,131.68,130.86,131.63,8780925
2024-01-10,131.69,132.62,131.08,131.25,37485393
2024-01-11,131.22,131.42,128.98,129.03,19675657
2024-01-12,129.26,129.66,128.62,128.77,9193308
2024-01-15,128.64,129.17,126.52,127.29,16670428
2024-01-16,126.89,128.26,124.2,124.79,15387165
2024-01-17,124.45,126.16,124.27,125.86,13145488
2024-01-18,125.73,127.15,125.58,126.7,13863671
2024-01-19,126.39,127.4,122.24,123.13,29983036
2024-01-22,123.23,123.74,122.91,122.94,6950376
2024-01-23,122.82,125.72,122.21,124.95,14457125
2024-01-24,125.54,127.3,124.86,127.11,20314198
2024-01-25,126.67,130.49,126.52,129.25,22985252
2024-01-26,129.3,130.05,128.92,129.38,35578714
2024-01-29,129.09,129.44,127.53,127.68,37159270
2024-01-30,127.56,128.46,124.69,125.52,14004283
2024-01-31,125.56,126.32,125.16,126.26,22953211
2024-02-01,125.68,127.21,124.93,127.08,3827135
2024-02-02,127.14,130.51,127.04,129.75,25829847
2024-02-05,130.24,132.68,129.17,132.08,8657374
2024-02-06,131.96,132.62,131.74,131.86,5710101
2024-02-07,131.93,132.06,129.0,129.29,27853662
2024-02-08,129.55,130.09,128.33,128.68,9590963
2024-02-09,128.64,130.04,127.97,129.18,20662903
2024-02-12,129.03,130.1,128.48,128.81,6735194
2024-02-13,128.22,128.75,126.78,127.67,30589818
2024-02-14,127.83,128.63,127.43,128.24,31298079
2024-02-15,128.21,128.46,126.57,127.26,24267894
2024-02-16,127.0,128.18,125.8,126.03,33929079
2024-02-19,126.06,127.14,125.87,126.71,19161696
2024-02-20,126.56,126.56,125.66,125.94,9898845
2024-02-21,125.81,127.07,125.77,126.48,8599359
2024-02-22,126.64,127.58,126.63,127.09,11113054
2024-02-23,126.75,127.8,124.41,124.82,10411369
2024-02-26,125.08,125.51,123.46,123.91,14958669
2024-02-27,123.56,127.24,123.54,126.81,10930521
2024-02-28,126.64,127.62,124.31,124.5,24869871
2024-02-29,124.98,125.11,119.38,120.34,8489384
2024-03-01,120.61,120.94,116.26,116.8,26006459
2024-03-04,116.82,116.99,115.91,116.9,15361711
2024-03-05,116.68,117.8,116.46,117.01,28409896
2024-03-06,116.88,117.74,116.06,116.83,21978154
2024-03-07,116.85,119.64,115.95,119.15,36492131
2024-03-08,119.16,119.18,114.04,114.1,19275448
2024-03-11,114.08,114.92,113.19,114.87,13916485
2024-03-12,114.86,118.37,114.76,117.79,24797398
2024-03-13,117.73,117.77,114.95,115.71,27374082
2024-03-14,115.37,115.38,114.85,115.05,19251878
2024-03-15,114.93,115.59,113.44,113.71,23709745
2024-03-18,113.92,114.61,111.38,112.13,20422029
2024-03-19,111.82,112.01,111.07,111.59,14315977
2024-03-20,111.55,114.3,111.36,114.18,14601902
2024-03-21,113.99,117.97,113.5,117.58,36574361
2024-03-22,117.61,117.95,116.52,117.0,27987383
2024-03-25,116.91,120.97,116.8,120.61,6532886
2024-03-26,120.97,121.02,120.52,120.73,38596947
2024-03-27,120.85,124.77,120.76,124.16,29344037
2024-03-28,123.84,124.62,123.59,124.03,4856095
2024-03-29,124.2,125.24,124.03,124.34,29931327
2024-04-01,124.15,125.21,123.74,125.12,24816081
2024-04-02,124.97,132.61,123.97,131.53,36867081
2024-04-03,131.61,133.72,130.92,133.37,21106740
2024-04-04,133.24,133.44,131.42,131.92,22187481
2024-04-05,132.15,135.62,131.78,134.02,14644352
2024-04-08,133.81,134.52,132.8,133.29,14900026
2024-04-09,133.13,134.39,131.52,132.3,25863086
2024-04-10,132.13,135.14,131.45,134.28,33626404
2024-04-11,134.13,134.95,132.98,134.4,35954782
2024-04-12,134.69,135.07,134.07,135.05,31519980
2024-04-15,135.22,135.62,134.96,135.14,25561546
2024-04-16,135.6,136.1,135.45,135.92,21511677
2024-04-17,136.53,137.55,136.25,136.9,15565420
2024-04-18,136.61,136.74,132.32,132.71,31410722
2024-04-19,132.73,134.48,132.18,134.18,14771363
2024-04-22,133.86,134.54,131.65,132.12,12911397
2024-04-23,131.92,132.38,129.05,129.13,35111020
2024-04-24,128.96,129.28,128.15,129.06,24811734
2024-04-25,128.78,130.21,128.67,129.28,16106140
2024-04-26,129.01,129.28,127.02,127.9,35011787
2024-04-29,127.86,129.73,126.79,129.65,38619255
2024-04-30,129.34,129.59,126.46,126.92,14765426
2024-05-01,127.13,127.3,125.39,126.14,22292423
2024-05-02,125.91,125.92,124.71,125.01,20891349
2024-05-03,125.72,126.13,124.44,124.97,28961022
2024-05-06,124.86,126.01,124.4,125.58,38188659
2024-05-07,125.6,126.5,123.12,123.6,23295579
2024-05-08,123.28,125.37,123.06,125.08,32533838
2024-05-09,125.51,125.82,125.21,125.26,25037327
2024-05-10,125.54,125.69,121.15,121.52,35820443
2024-05-13,121.59,121.81,116.64,117.76,17969761
2024-05-14,117.44,118.71,117.24,117.78,17254141
2024-05-15,117.83,118.13,117.3,117.41,18629521
2024-05-16,117.15,118.31,116.82,117.27,39870694
2024-05-17,117.61,117.88,116.48,117.26,25623325
2024-05-20,117.45,118.46,117.07,117.73,8644927
2024-05-21,117.75,119.7,116.54,119.56,4513061
2024-05-22,118.98,119.57,117.44,117.49,22194511
2024-05-23,117.25,117.66,115.29,115.33,32810774
2024-05-24,115.49,116.35,113.18,113.36,20733115
2024-05-27,113.63,114.01,112.48,113.93,23727764
2024-05-28,114.18,117.26,113.6,116.24,32541991
2024-05-29,115.87,116.01,115.37,115.49,22104739
2024-05-30,115.56,116.3,110.47,110.91,36618857
2024-05-31,111.14,112.2,107.64,107.93,26603567
2024-06-03,107.57,108.26,106.51,106.54,30052156
2024-06-04,106.53,107.08,104.92,105.63,31914187
2024-06-05,105.69,105.72,104.03,104.98,26192200
2024-06-06,104.92,105.28,104.68,105.09,4852449
2024-06-07,104.7,105.43,104.41,104.6,18814880
2024-06-10,104.54,106.91,103.23,106.4,8234992
2024-06-11,106.33,106.6,105.07,105.29,21882058
2024-06-12,105.26,105.34,103.59,103.88,8297149
2024-06-13,103.77,104.93,102.85,104.72,21844111
2024-06-14,104.63,105.08,101.48,102.19,15722047
